{"0001.jpg": "G", "0002.jpg": "g", "0003.jpg": "o", "0004.jpg": "S", "0005.jpg": "O", "0006.jpg": "N", "0007.jpg": "Y", "0008.jpg": "c", "0009.jpg": "r", "0010.jpg": "e", "0011.jpg": "a", "0012.jpg": "t", "0013.jpg": "e", "0014.jpg": "P", "0015.jpg": "A", "0016.jpg": "N", "0017.jpg": "O", "0018.jpg": "L", "0019.jpg": "N", "0020.jpg": "G", "0021.jpg": "L", "0022.jpg": "E", "0023.jpg": "N", "0024.jpg": "G", "0025.jpg": "E", "0026.jpg": "P", "0027.jpg": "A", "0028.jpg": "N", "0029.jpg": "O", "0030.jpg": "L", "0031.jpg": "O", "0032.jpg": "F", "0033.jpg": "F", "0034.jpg": "O", "0035.jpg": "S", "0036.jpg": "T", "0037.jpg": "E", "0038.jpg": "R", "0039.jpg": "S", "0040.jpg": "R", "0041.jpg": "a", "0042.jpg": "y", "0043.jpg": "e", "0044.jpg": "g", "0045.jpg": "h", "0046.jpg": "P", "0047.jpg": "L", "0048.jpg": "E", "0049.jpg": "A", "0050.jpg": "S", "0051.jpg": "E", "0052.jpg": "D", "0053.jpg": "O", "0054.jpg": "N", "0055.jpg": "O", "0056.jpg": "T", "0057.jpg": "D", "0058.jpg": "S", "0059.jpg": "T", "0060.jpg": "U", "0061.jpg": "R", "0062.jpg": "B", "0063.jpg": "L", "0064.jpg": "L", "0065.jpg": "O", "0066.jpg": "Y", "0067.jpg": "D", "0068.jpg": "S", "0069.jpg": "B", "0070.jpg": "A", "0071.jpg": "N", "0072.jpg": "K", "0073.jpg": "T", "0074.jpg": "i", "0075.jpg": "m", "0076.jpg": "e", "0077.jpg": "s", "0078.jpg": "y", "0079.jpg": "s", "0080.jpg": "t", "0081.jpg": "e", "0082.jpg": "m", "0083.jpg": "E", "0084.jpg": "S", "0085.jpg": "P", "0086.jpg": "T", "0087.jpg": "O", "0088.jpg": "D", "0089.jpg": "E", "0090.jpg": "N", "0091.jpg": "T", "0092.jpg": "A", "0093.jpg": "L", "0094.jpg": "S", "0095.jpg": "U", "0096.jpg": "R", "0097.jpg": "G", "0098.jpg": "E", "0099.jpg": "R", "0100.jpg": "Y", "0101.jpg": "A", "0102.jpg": "S", "0103.jpg": "D", "0104.jpg": "A", "0105.jpg": "T", "0106.jpg": "A", "0107.jpg": "X", "0108.jpg": "I", "0109.jpg": "w", "0110.jpg": "M", "0111.jpg": "m", "0112.jpg": "M", "0113.jpg": "D", "0114.jpg": "F", "0115.jpg": "a", "0116.jpg": "s", "0117.jpg": "a", "0118.jpg": "S", "0119.jpg": "h", "0120.jpg": "a", "0121.jpg": "a", "0122.jpg": "M", "0123.jpg": "m", "0124.jpg": "A", "0125.jpg": "D", "0126.jpg": "M", "0127.jpg": "S", "0128.jpg": "T", "0129.jpg": "O", "0130.jpg": "P", "0131.jpg": "H", "0132.jpg": "E", "0133.jpg": "A", "0134.jpg": "L", "0135.jpg": "T", "0136.jpg": "H", "0137.jpg": "B", "0138.jpg": "M", "0139.jpg": "D", "0140.jpg": "G", "0141.jpg": "A", "0142.jpg": "D", "0143.jpg": "A", "0144.jpg": "O", "0145.jpg": "C", "0146.jpg": "D", "0147.jpg": "C", "0148.jpg": "O", "0149.jpg": "R", "0150.jpg": "A", "0151.jpg": "L", "0152.jpg": "P", "0153.jpg": "a", "0154.jpg": "n", "0155.jpg": "a", "0156.jpg": "s", "0157.jpg": "o", "0158.jpg": "W", "0159.jpg": "e", "0160.jpg": "m", "0161.jpg": "a", "0162.jpg": "k", "0163.jpg": "e", "0164.jpg": "s", "0165.jpg": "u", "0166.jpg": "r", "0167.jpg": "e", "0168.jpg": "n", "0169.jpg": "o", "0170.jpg": "t", "0171.jpg": "h", "0172.jpg": "i", "0173.jpg": "n", "0174.jpg": "g", "0175.jpg": "a", "0176.jpg": "n", "0177.jpg": "d", "0178.jpg": "t", "0179.jpg": "h", "0180.jpg": "e", "0181.jpg": "e", "0182.jpg": "q", "0183.jpg": "u", "0184.jpg": "i", "0185.jpg": "p", "0186.jpg": "m", "0187.jpg": "e", "0188.jpg": "n", "0189.jpg": "t", "0190.jpg": "y", "0191.jpg": "o", "0192.jpg": "u", "0193.jpg": "n", "0194.jpg": "e", "0195.jpg": "e", "0196.jpg": "d", "0197.jpg": "P", "0198.jpg": "P", "0199.jpg": "O", "0200.jpg": "C", "0201.jpg": "K", "0202.jpg": "E", "0203.jpg": "F", "0204.jpg": "A", "0205.jpg": "S", "0206.jpg": "H", "0207.jpg": "U", "0208.jpg": "G", "0209.jpg": "R", "0210.jpg": "D", "0211.jpg": "E", "0212.jpg": "O", "0213.jpg": "R", "0214.jpg": "S", "0215.jpg": "A", "0216.jpg": "M", "0217.jpg": "S", "0218.jpg": "U", "0219.jpg": "N", "0220.jpg": "G", "0221.jpg": "C", "0222.jpg": "u", "0223.jpg": "s", "0224.jpg": "o", "0225.jpg": "m", "0226.jpg": "e", "0227.jpg": "F", "0228.jpg": "e", "0229.jpg": "e", "0230.jpg": "p", "0231.jpg": "h", "0232.jpg": "o", "0233.jpg": "n", "0234.jpg": "e", "0235.jpg": "P", "0236.jpg": "v", "0237.jpg": "a", "0238.jpg": "e", "0239.jpg": "H", "0240.jpg": "e", "0241.jpg": "S", "0242.jpg": "e", "0243.jpg": "v", "0244.jpg": "c", "0245.jpg": "e", "0246.jpg": "n", "0247.jpg": "t", "0248.jpg": "l", "0249.jpg": "E", "0250.jpg": "s", "0251.jpg": "s", "0252.jpg": "e", "0253.jpg": "x", "0254.jpg": "C", "0255.jpg": "o", "0256.jpg": "u", "0257.jpg": "n", "0258.jpg": "y", "0259.jpg": "C", "0260.jpg": "o", "0261.jpg": "u", "0262.jpg": "n", "0263.jpg": "c", "0264.jpg": "L", "0265.jpg": "b", "0266.jpg": "a", "0267.jpg": "e", "0268.jpg": "s", "0269.jpg": "C", "0270.jpg": "O", "0271.jpg": "N", "0272.jpg": "S", "0273.jpg": "T", "0274.jpg": "A", "0275.jpg": "N", "0276.jpg": "T", "0277.jpg": "N", "0278.jpg": "E", "0279.jpg": "P", "0280.jpg": "h", "0281.jpg": "p", "0282.jpg": "s", "0283.jpg": "f", "0284.jpg": "s", "0285.jpg": "o", "0286.jpg": "e", "0287.jpg": "C", "0288.jpg": "o", "0289.jpg": "n", "0290.jpg": "s", "0291.jpg": "t", "0292.jpg": "a", "0293.jpg": "n", "0294.jpg": "t", "0295.jpg": "n", "0296.jpg": "e", "0297.jpg": "R", "0298.jpg": "o", "0299.jpg": "o", "0300.jpg": "m", "0301.jpg": "P", "0302.jpg": "P", "0303.jpg": "a", "0304.jpg": "k", "0305.jpg": "R", "0306.jpg": "d", "0307.jpg": "e", "0308.jpg": "S", "0309.jpg": "a", "0310.jpg": "o", "0311.jpg": "n", "0312.jpg": "y", "0313.jpg": "C", "0314.jpg": "C", "0315.jpg": "T", "0316.jpg": "V", "0317.jpg": "I", "0318.jpg": "N", "0319.jpg": "O", "0320.jpg": "P", "0321.jpg": "E", "0322.jpg": "R", "0323.jpg": "A", "0324.jpg": "T", "0325.jpg": "O", "0326.jpg": "N", "0327.jpg": "s", "0328.jpg": "t", "0329.jpg": "f", "0330.jpg": "o", "0331.jpg": "o", "0332.jpg": "r", "0333.jpg": "R", "0334.jpg": "I", "0335.jpg": "C", "0336.jpg": "O", "0337.jpg": "H", "0338.jpg": "E", "0339.jpg": "S", "0340.jpg": "E", "0341.jpg": "C", "0342.jpg": "e", "0343.jpg": "n", "0344.jpg": "t", "0345.jpg": "r", "0346.jpg": "a", "0347.jpg": "T", "0348.jpg": "y", "0349.jpg": "r", "0350.jpg": "e", "0351.jpg": "M", "0352.jpg": "O", "0353.jpg": "B", "0354.jpg": "H", "0355.jpg": "G", "0356.jpg": "E", "0357.jpg": "O", "0358.jpg": "R", "0359.jpg": "G", "0360.jpg": "E", "0361.jpg": "O", "0362.jpg": "R", "0363.jpg": "W", "0364.jpg": "E", "0365.jpg": "L", "0366.jpg": "L", "0367.jpg": "A", "0368.jpg": "N", "0369.jpg": "M", "0370.jpg": "A", "0371.jpg": "L", "0372.jpg": "F", "0373.jpg": "A", "0374.jpg": "R", "0375.jpg": "M", "0376.jpg": "J", "0377.jpg": "S", "0378.jpg": "E", "0379.jpg": "s", "0380.jpg": "w", "0381.jpg": "e", "0382.jpg": "a", "0383.jpg": "r", "0384.jpg": "h", "0385.jpg": "p", "0386.jpg": "e", "0387.jpg": "O", "0388.jpg": "v", "0389.jpg": "e", "0390.jpg": "r", "0391.jpg": "s", "0392.jpg": "e", "0393.jpg": "a", "0394.jpg": "s", "0395.jpg": "R", "0396.jpg": "e", "0397.jpg": "a", "0398.jpg": "t", "0399.jpg": "o", "0400.jpg": "n", "0401.jpg": "s", "0402.jpg": "O", "0403.jpg": "f", "0404.jpg": "f", "0405.jpg": "c", "0406.jpg": "e", "0407.jpg": "R", "0408.jpg": "Y", "0409.jpg": "A", "0410.jpg": "N", "0411.jpg": "A", "0412.jpg": "R", "0413.jpg": "P", "0414.jpg": "R", "0415.jpg": "O", "0416.jpg": "P", "0417.jpg": "E", "0418.jpg": "R", "0419.jpg": "F", "0420.jpg": "O", "0421.jpg": "O", "0422.jpg": "D", "0423.jpg": "P", "0424.jpg": "R", "0425.jpg": "O", "0426.jpg": "N", "0427.jpg": "T", "0428.jpg": "O", "0429.jpg": "C", "0430.jpg": "a", "0431.jpg": "n", "0432.jpg": "o", "0433.jpg": "n", "0434.jpg": "p", "0435.jpg": "o", "0436.jpg": "e", "0437.jpg": "s", "0438.jpg": "o", "0439.jpg": "a", "0440.jpg": "J", "0441.jpg": "a", "0442.jpg": "v", "0443.jpg": "a", "0444.jpg": "W", "0445.jpg": "e", "0446.jpg": "b", "0447.jpg": "S", "0448.jpg": "e", "0449.jpg": "v", "0450.jpg": "c", "0451.jpg": "e", "0452.jpg": "s", "0453.jpg": "W", "0454.jpg": "A", "0455.jpg": "T", "0456.jpg": "R", "0457.jpg": "T", "0458.jpg": "O", "0459.jpg": "N", "0460.jpg": "E", "0461.jpg": "H", "0462.jpg": "A", "0463.jpg": "L", "0464.jpg": "L", "0465.jpg": "O", "0466.jpg": "F", "0467.jpg": "H", "0468.jpg": "E", "0469.jpg": "R", "0470.jpg": "O", "0471.jpg": "E", "0472.jpg": "S", "0473.jpg": "U", "0474.jpg": "S", "0475.jpg": "E", "0476.jpg": "O", "0477.jpg": "N", "0478.jpg": "L", "0479.jpg": "Y", "0480.jpg": "D", "0481.jpg": "R", "0482.jpg": "W", "0483.jpg": "P", "0484.jpg": "E", "0485.jpg": "M", "0486.jpg": "A", "0487.jpg": "R", "0488.jpg": "K", "0489.jpg": "E", "0490.jpg": "R", "0491.jpg": "S", "0492.jpg": "O", "0493.jpg": "N", "0494.jpg": "T", "0495.jpg": "H", "0496.jpg": "E", "0497.jpg": "S", "0498.jpg": "E", "0499.jpg": "B", "0500.jpg": "O", "0501.jpg": "A", "0502.jpg": "R", "0503.jpg": "D", "0504.jpg": "S", "0505.jpg": "R", "0506.jpg": "e", "0507.jpg": "f", "0508.jpg": "i", "0509.jpg": "l", "0510.jpg": "l", "0511.jpg": "F", "0512.jpg": "C", "0513.jpg": "A", "0514.jpg": "R", "0515.jpg": "E", "0516.jpg": "S", "0517.jpg": "E", "0518.jpg": "R", "0519.jpg": "V", "0520.jpg": "E", "0521.jpg": "D", "0522.jpg": "F", "0523.jpg": "O", "0524.jpg": "R", "0525.jpg": "R", "0526.jpg": "E", "0527.jpg": "G", "0528.jpg": "U", "0529.jpg": "L", "0530.jpg": "A", "0531.jpg": "R", "0532.jpg": "H", "0533.jpg": "W", "0534.jpg": "I", "0535.jpg": "S", "0536.jpg": "T", "0537.jpg": "h", "0538.jpg": "a", "0539.jpg": "n", "0540.jpg": "k", "0541.jpg": "y", "0542.jpg": "o", "0543.jpg": "u", "0544.jpg": "A", "0545.jpg": "S", "0546.jpg": "D", "0547.jpg": "A", "0548.jpg": "O", "0549.jpg": "O", "0550.jpg": "J", "0551.jpg": "a", "0552.jpg": "v", "0553.jpg": "a", "0554.jpg": "S", "0555.jpg": "O", "0556.jpg": "A", "0557.jpg": "P", "0558.jpg": "S", "0559.jpg": "U", "0560.jpg": "Z", "0561.jpg": "U", "0562.jpg": "F", "0563.jpg": "A", "0564.jpg": "I", "0565.jpg": "R", "0566.jpg": "Y", "0567.jpg": "E", "0568.jpg": "X", "0569.jpg": "P", "0570.jpg": "E", "0571.jpg": "R", "0572.jpg": "T", "0573.jpg": "H", "0574.jpg": "o", "0575.jpg": "m", "0576.jpg": "o", "0577.jpg": "g", "0578.jpg": "e", "0579.jpg": "n", "0580.jpg": "c", "0581.jpg": "F", "0582.jpg": "o", "0583.jpg": "r", "0584.jpg": "d", "0585.jpg": "P", "0586.jpg": "o", "0587.jpg": "r", "0588.jpg": "t", "0589.jpg": "a", "0590.jpg": "k", "0591.jpg": "a", "0592.jpg": "b", "0593.jpg": "n", "0594.jpg": "V", "0595.jpg": "E", "0596.jpg": "F", "0597.jpg": "O", "0598.jpg": "U", "0599.jpg": "R", "0600.jpg": "S", "0601.jpg": "P", "0602.jpg": "D", "0603.jpg": "S", "0604.jpg": "T", "0605.jpg": "R", "0606.jpg": "A", "0607.jpg": "N", "0608.jpg": "S", "0609.jpg": "R", "0610.jpg": "R", "0611.jpg": "V", "0612.jpg": "D", "0613.jpg": "O", "0614.jpg": "C", "0615.jpg": "U", "0616.jpg": "A", "0617.jpg": "Y", "0618.jpg": "O", "0619.jpg": "N", "0620.jpg": "A", "0621.jpg": "D", "0622.jpg": "H", "0623.jpg": "O", "0624.jpg": "M", "0625.jpg": "R", "0626.jpg": "N", "0627.jpg": "O", "0628.jpg": "w", "0629.jpg": "e", "0630.jpg": "p", "0631.jpg": "r", "0632.jpg": "o", "0633.jpg": "c", "0634.jpg": "e", "0635.jpg": "s", "0636.jpg": "s", "0637.jpg": "y", "0638.jpg": "o", "0639.jpg": "u", "0640.jpg": "r", "0641.jpg": "p", "0642.jpg": "r", "0643.jpg": "o", "0644.jpg": "c", "0645.jpg": "e", "0646.jpg": "s", "0647.jpg": "s", "0648.jpg": "D", "0649.jpg": "e", "0650.jpg": "z", "0651.jpg": "J", "0652.jpg": "a", "0653.jpg": "n", "0654.jpg": "u", "0655.jpg": "a", "0656.jpg": "r", "0657.jpg": "F", "0658.jpg": "e", "0659.jpg": "b", "0660.jpg": "r", "0661.jpg": "u", "0662.jpg": "a", "0663.jpg": "r", "0664.jpg": "S", "0665.jpg": "N", "0666.jpg": "h", "0667.jpg": "M", "0668.jpg": "D", "0669.jpg": "M", "0670.jpg": "D", "0671.jpg": "D", "0672.jpg": "B", "0673.jpg": "O", "0674.jpg": "R", "0675.jpg": "O", "0676.jpg": "U", "0677.jpg": "G", "0678.jpg": "H", "0679.jpg": "W", "0680.jpg": "A", "0681.jpg": "A", "0682.jpg": "C", "0683.jpg": "M", "0684.jpg": "O", "0685.jpg": "N", "0686.jpg": "U", "0687.jpg": "M", "0688.jpg": "N", "0689.jpg": "T", "0690.jpg": "S", "0691.jpg": "u", "0692.jpg": "n", "0693.jpg": "m", "0694.jpg": "c", "0695.jpg": "r", "0696.jpg": "o", "0697.jpg": "s", "0698.jpg": "y", "0699.jpg": "s", "0700.jpg": "t", "0701.jpg": "e", "0702.jpg": "m", "0703.jpg": "s", "0704.jpg": "C", "0705.jpg": "O", "0706.jpg": "L", "0707.jpg": "C", "0708.jpg": "H", "0709.jpg": "E", "0710.jpg": "S", "0711.jpg": "T", "0712.jpg": "E", "0713.jpg": "R", "0714.jpg": "B", "0715.jpg": "C", "0716.jpg": "o", "0717.jpg": "m", "0718.jpg": "p", "0719.jpg": "u", "0720.jpg": "n", "0721.jpg": "g", "0722.jpg": "S", "0723.jpg": "e", "0724.jpg": "v", "0725.jpg": "c", "0726.jpg": "e", "0727.jpg": "H", "0728.jpg": "E", "0729.jpg": "L", "0730.jpg": "P", "0731.jpg": "D", "0732.jpg": "E", "0733.jpg": "S", "0734.jpg": "K", "0735.jpg": "B", "0736.jpg": "E", "0737.jpg": "W", "0738.jpg": "A", "0739.jpg": "R", "0740.jpg": "E", "0741.jpg": "A", "0742.jpg": "L", "0743.jpg": "L", "0744.jpg": "G", "0745.jpg": "A", "0746.jpg": "T", "0747.jpg": "O", "0748.jpg": "R", "0749.jpg": "T", "0750.jpg": "E", "0751.jpg": "E", "0752.jpg": "T", "0753.jpg": "H", "0754.jpg": "C", "0755.jpg": "y", "0756.jpg": "c", "0757.jpg": "l", "0758.jpg": "e", "0759.jpg": "w", "0760.jpg": "a", "0761.jpg": "y", "0762.jpg": "C", "0763.jpg": "l", "0764.jpg": "o", "0765.jpg": "s", "0766.jpg": "e", "0767.jpg": "d", "0768.jpg": "A", "0769.jpg": "h", "0770.jpg": "e", "0771.jpg": "a", "0772.jpg": "d", "0773.jpg": "P", "0774.jpg": "A", "0775.jpg": "N", "0776.jpg": "T", "0777.jpg": "E", "0778.jpg": "N", "0779.jpg": "F", "0780.jpg": "A", "0781.jpg": "X", "0782.jpg": "T", "0783.jpg": "O", "0784.jpg": "Y", "0785.jpg": "O", "0786.jpg": "T", "0787.jpg": "A", "0788.jpg": "G", "0789.jpg": "T", "0790.jpg": "A", "0791.jpg": "N", "0792.jpg": "n", "0793.jpg": "o", "0794.jpg": "s", "0795.jpg": "e", "0796.jpg": "v", "0797.jpg": "p", "0798.jpg": "u", "0799.jpg": "s", "0800.jpg": "d", "0801.jpg": "e", "0802.jpg": "w", "0803.jpg": "w", "0804.jpg": "w", "0805.jpg": "s", "0806.jpg": "e", "0807.jpg": "r", "0808.jpg": "v", "0809.jpg": "i", "0810.jpg": "p", "0811.jpg": "l", "0812.jpg": "u", "0813.jpg": "s", "0814.jpg": "d", "0815.jpg": "e", "0816.jpg": "G", "0817.jpg": "e", "0818.jpg": "l", "0819.jpg": "d", "0820.jpg": "e", "0821.jpg": "i", "0822.jpg": "n", "0823.jpg": "w", "0824.jpg": "e", "0825.jpg": "r", "0826.jpg": "f", "0827.jpg": "e", "0828.jpg": "n", "0829.jpg": "B", "0830.jpg": "e", "0831.jpg": "t", "0832.jpg": "r", "0833.jpg": "i", "0834.jpg": "e", "0835.jpg": "b", "0836.jpg": "s", "0837.jpg": "b", "0838.jpg": "e", "0839.jpg": "r", "0840.jpg": "e", "0841.jpg": "i", "0842.jpg": "t", "0843.jpg": "O", "0844.jpg": "l", "0845.jpg": "e", "0846.jpg": "g", "0847.jpg": "R", "0848.jpg": "o", "0849.jpg": "s", "0850.jpg": "t", "0851.jpg": "a", "0852.jpg": "n", "0853.jpg": "i", "0854.jpg": "n", "0855.jpg": "A", "0856.jpg": "s", "0857.jpg": "i", "0858.jpg": "f", "0859.jpg": "S", "0860.jpg": "h", "0861.jpg": "a", "0862.jpg": "h", "0863.jpg": "a", "0864.jpg": "b", "0865.jpg": "B", "0866.jpg": "e", "0867.jpg": "a", "0868.jpg": "r", "0869.jpg": "d", "0870.jpg": "w", "0871.jpg": "e", "0872.jpg": "B", "0873.jpg": "E", "0874.jpg": "E", "0875.jpg": "R", "0876.jpg": "G", "0877.jpg": "A", "0878.jpg": "R", "0879.jpg": "D", "0880.jpg": "E", "0881.jpg": "N", "0882.jpg": "N", "0883.jpg": "I", "0884.jpg": "G", "0885.jpg": "H", "0886.jpg": "T", "0887.jpg": "E", "0888.jpg": "X", "0889.jpg": "I", "0890.jpg": "T", "0891.jpg": "O", "0892.jpg": "N", "0893.jpg": "F", "0894.jpg": "L", "0895.jpg": "O", "0896.jpg": "O", "0897.jpg": "R", "0898.jpg": "f", "0899.jpg": "N", "0900.jpg": "O", "0901.jpg": "A", "0902.jpg": "R", "0903.jpg": "T", "0904.jpg": "F", "0905.jpg": "C", "0906.jpg": "A", "0907.jpg": "L", "0908.jpg": "N", "0909.jpg": "T", "0910.jpg": "E", "0911.jpg": "L", "0912.jpg": "L", "0913.jpg": "G", "0914.jpg": "E", "0915.jpg": "N", "0916.jpg": "C", "0917.jpg": "E", "0918.jpg": "N", "0919.jpg": "g", "0920.jpg": "h", "0921.jpg": "n", "0922.jpg": "e", "0923.jpg": "a", "0924.jpg": "u", "0925.jpg": "t", "0926.jpg": "u", "0927.jpg": "m", "0928.jpg": "n", "0929.jpg": "w", "0930.jpg": "n", "0931.jpg": "t", "0932.jpg": "e", "0933.jpg": "r", "0934.jpg": "A", "0935.jpg": "R", "0936.jpg": "E", "0937.jpg": "N", "0938.jpg": "A", "0939.jpg": "C", "0940.jpg": "O", "0941.jpg": "L", "0942.jpg": "C", "0943.jpg": "H", "0944.jpg": "E", "0945.jpg": "S", "0946.jpg": "T", "0947.jpg": "E", "0948.jpg": "R", "0949.jpg": "C", "0950.jpg": "G", "0951.jpg": "C", "0952.jpg": "A", "0953.jpg": "R", "0954.jpg": "L", "0955.jpg": "I", "0956.jpg": "N", "0957.jpg": "G", "0958.jpg": "C", "0959.jpg": "L", "0960.jpg": "O", "0961.jpg": "C", "0962.jpg": "K", "0963.jpg": "M", "0964.jpg": "U", "0965.jpg": "S", "0966.jpg": "E", "0967.jpg": "U", "0968.jpg": "M", "0969.jpg": "T", "0970.jpg": "Y", "0971.jpg": "M", "0972.jpg": "P", "0973.jpg": "E", "0974.jpg": "R", "0975.jpg": "L", "0976.jpg": "E", "0977.jpg": "Y", "0978.jpg": "S", "0979.jpg": "M", "0980.jpg": "u", "0981.jpg": "l", "0982.jpg": "t", "0983.jpg": "i", "0984.jpg": "S", "0985.jpg": "y", "0986.jpg": "n", "0987.jpg": "c", "0988.jpg": "L", "0989.jpg": "C", "0990.jpg": "D", "0991.jpg": "W", "0992.jpg": "V", "0993.jpg": "X", "0994.jpg": "S", "0995.jpg": "t", "0996.jpg": "a", "0997.jpg": "t", "0998.jpg": "o", "0999.jpg": "n", "1000.jpg": "c", "1001.jpg": "a", "1002.jpg": "p", "1003.jpg": "a", "1004.jpg": "k", "1005.jpg": "W", "1006.jpg": "a", "1007.jpg": "y", "1008.jpg": "o", "1009.jpg": "u", "1010.jpg": "t", "1011.jpg": "L", "1012.jpg": "O", "1013.jpg": "U", "1014.jpg": "N", "1015.jpg": "G", "1016.jpg": "E", "1017.jpg": "H", "1018.jpg": "a", "1019.jpg": "n", "1020.jpg": "s", "1021.jpg": "o", "1022.jpg": "C", "1023.jpg": "a", "1024.jpg": "n", "1025.jpg": "o", "1026.jpg": "n", "1027.jpg": "H", "1028.jpg": "e", "1029.jpg": "n", "1030.jpg": "r", "1031.jpg": "y", "1032.jpg": "G", "1033.jpg": "O", "1034.jpg": "O", "1035.jpg": "D", "1036.jpg": "M", "1037.jpg": "M", "1038.jpg": "F", "1039.jpg": "O", "1040.jpg": "O", "1041.jpg": "D", "1042.jpg": "A", "1043.jpg": "L", "1044.jpg": "E", "1045.jpg": "S", "1046.jpg": "G", "1047.jpg": "A", "1048.jpg": "R", "1049.jpg": "D", "1050.jpg": "E", "1051.jpg": "N", "1052.jpg": "L", "1053.jpg": "A", "1054.jpg": "D", "1055.jpg": "E", "1056.jpg": "S", "1057.jpg": "P", "1058.jpg": "S", "1059.jpg": "D", "1060.jpg": "I", "1061.jpg": "D", "1062.jpg": "F", "1063.jpg": "K", "1064.jpg": "I", "1065.jpg": "K", "1066.jpg": "L", "1067.jpg": "A", "1068.jpg": "n", "1069.jpg": "r", "1070.jpg": "u", "1071.jpg": "f", "1072.jpg": "l", "1073.jpg": "s", "1074.jpg": "t", "1075.jpg": "e", "1076.jpg": "B", "1077.jpg": "e", "1078.jpg": "a", "1079.jpg": "k", "1080.jpg": "g", "1081.jpg": "a", "1082.jpg": "s", "1083.jpg": "s", "1084.jpg": "n", "1085.jpg": "c", "1086.jpg": "a", "1087.jpg": "s", "1088.jpg": "e", "1089.jpg": "o", "1090.jpg": "e", "1091.jpg": "S", "1092.jpg": "a", "1093.jpg": "o", "1094.jpg": "n", "1095.jpg": "e", "1096.jpg": "r", "1097.jpg": "y", "1098.jpg": "B", "1099.jpg": "o", "1100.jpg": "x", "1101.jpg": "B", "1102.jpg": "o", "1103.jpg": "u", "1104.jpg": "n", "1105.jpg": "d", "1106.jpg": "a", "1107.jpg": "y", "1108.jpg": "R", "1109.jpg": "o", "1110.jpg": "a", "1111.jpg": "d", "1112.jpg": "S", "1113.jpg": "C", "1114.jpg": "O", "1115.jpg": "T", "1116.jpg": "T", "1117.jpg": "S", "1118.jpg": "H", "1119.jpg": "N", "1120.jpg": "A", "1121.jpg": "T", "1122.jpg": "O", "1123.jpg": "N", "1124.jpg": "A", "1125.jpg": "L", "1126.jpg": "G", "1127.jpg": "A", "1128.jpg": "L", "1129.jpg": "L", "1130.jpg": "E", "1131.jpg": "R", "1132.jpg": "Y", "1133.jpg": "M", "1134.jpg": "O", "1135.jpg": "D", "1136.jpg": "E", "1137.jpg": "R", "1138.jpg": "N", "1139.jpg": "i", "1140.jpg": "i", "1141.jpg": "y", "1142.jpg": "a", "1143.jpg": "m", "1144.jpg": "a", "1145.jpg": "N", "1146.jpg": "a", "1147.jpg": "t", "1148.jpg": "W", "1149.jpg": "e", "1150.jpg": "s", "1151.jpg": "t", "1152.jpg": "C", "1153.jpg": "a", "1154.jpg": "m", "1155.jpg": "p", "1156.jpg": "u", "1157.jpg": "s", "1158.jpg": "S", "1159.jpg": "O", "1160.jpg": "R", "1161.jpg": "R", "1162.jpg": "Y", "1163.jpg": "T", "1164.jpg": "O", "1165.jpg": "I", "1166.jpg": "L", "1167.jpg": "E", "1168.jpg": "T", "1169.jpg": "O", "1170.jpg": "U", "1171.jpg": "T", "1172.jpg": "O", "1173.jpg": "F", "1174.jpg": "O", "1175.jpg": "R", "1176.jpg": "D", "1177.jpg": "E", "1178.jpg": "R", "1179.jpg": "B", "1180.jpg": "A", "1181.jpg": "R", "1182.jpg": "C", "1183.jpg": "L", "1184.jpg": "A", "1185.jpg": "Y", "1186.jpg": "S", "1187.jpg": "H", "1188.jpg": "S", "1189.jpg": "B", "1190.jpg": "C", "1191.jpg": "C", "1192.jpg": "o", "1193.jpg": "n", "1194.jpg": "s", "1195.jpg": "t", "1196.jpg": "r", "1197.jpg": "u", "1198.jpg": "c", "1199.jpg": "t", "1200.jpg": "a"}